time_ms,mode,scenario,linear_error_m,rotation_error_deg,engagement_duration_s,drone_x,drone_y,target_x,target_y,altitude_m,state,last_cmd_pitch,last_cmd_roll,last_cmd_yaw_vel,last_cmd_thrust
75,gimbal,static,3.0880,0.03,0.08,6.9121,0.0324,10.0000,0.0000,1.836,SEARCH,1.5637,-0.0161,0.0000,-0.0491
175,gimbal,static,2.9934,0.03,0.18,7.0068,0.0331,10.0000,0.0000,1.846,SEARCH,1.5163,-0.0164,0.0000,-0.0462
275,gimbal,static,2.8916,0.03,0.28,7.1086,0.0337,10.0000,0.0000,1.854,SEARCH,1.4653,-0.0167,0.0000,-0.0437
375,gimbal,static,2.7978,0.03,0.38,7.2025,0.0341,10.0000,0.0000,1.862,DESCEND_TO_LOW,0.5572,-0.0181,-0.0160,0.3000
475,gimbal,static,2.6965,0.03,0.48,7.3037,0.0342,10.0000,0.0000,1.867,DESCEND_TO_LOW,0.5036,-0.0179,-0.0164,0.3000
575,gimbal,static,2.6049,0.03,0.58,7.3953,0.0343,10.0000,0.0000,1.864,DESCEND_TO_LOW,0.3801,-0.0200,-0.0192,0.3000
675,gimbal,static,2.5109,0.03,0.68,7.4894,0.0345,10.0000,0.0000,1.855,DESCEND_TO_LOW,0.3822,-0.0201,-0.0192,0.3000
775,gimbal,static,2.4314,0.03,0.78,7.5688,0.0345,10.0000,0.0000,1.843,DESCEND_TO_LOW,0.2196,-0.0194,0.0132,0.3000
875,gimbal,static,2.3531,0.03,0.88,7.6471,0.0345,10.0000,0.0000,1.827,DESCEND_TO_LOW,0.2216,-0.0196,0.0132,0.3000
975,gimbal,static,2.2884,0.03,0.98,7.7119,0.0344,10.0000,0.0000,1.809,DESCEND_TO_LOW,0.1285,-0.0187,0.0112,0.3000
1075,gimbal,static,2.2259,0.03,1.08,7.7743,0.0339,10.0000,0.0000,1.789,DESCEND_TO_LOW,0.1299,-0.0190,0.0112,0.3000
1175,gimbal,static,2.1714,0.02,1.18,7.8289,0.0332,10.0000,0.0000,1.761,DESCEND_TO_LOW,0.1095,-0.0185,0.0092,0.3000
1275,gimbal,static,2.1277,0.01,1.28,7.8726,0.0316,10.0000,0.0000,1.740,DESCEND_TO_LOW,0.1101,-0.0183,-0.0196,0.3000
1375,gimbal,static,2.0892,0.01,1.38,7.9110,0.0298,10.0000,0.0000,1.713,DESCEND_TO_LOW,0.1210,-0.0183,0.0084,0.3000
1475,gimbal,static,2.0520,0.01,1.48,7.9482,0.0282,10.0000,0.0000,1.679,DESCEND_TO_LOW,0.1302,-0.0182,-0.0192,0.3000
1575,gimbal,static,2.0212,0.02,1.58,7.9790,0.0274,10.0000,0.0000,1.646,DESCEND_TO_LOW,0.1491,-0.0159,0.0112,0.3000
1675,gimbal,static,1.9909,0.05,1.68,8.0093,0.0268,10.0000,0.0000,1.615,DESCEND_TO_LOW,0.1642,-0.0136,0.0132,0.3000
1775,gimbal,static,1.9653,0.07,1.78,8.0349,0.0264,10.0000,0.0000,1.578,DESCEND_TO_LOW,0.1923,-0.0136,0.0392,0.3000
1875,gimbal,static,1.9394,0.09,1.88,8.0608,0.0264,10.0000,0.0000,1.545,DESCEND_TO_LOW,0.2147,-0.0159,-0.0164,0.3000
1975,gimbal,static,1.9166,0.11,1.98,8.0836,0.0265,10.0000,0.0000,1.509,DESCEND_TO_LOW,0.2359,-0.0137,0.0116,0.3000
2076,gimbal,static,1.8924,0.13,2.08,8.1078,0.0268,10.0000,0.0000,1.477,HOLD,0.2512,-0.0137,0.0104,0.3000
2175,gimbal,static,1.8694,0.13,2.18,8.1308,0.0269,10.0000,0.0000,1.444,DESCEND_TO_LOW,0.2868,-0.0136,0.0104,0.3000
2276,gimbal,static,1.8433,0.12,2.28,8.1569,0.0275,10.0000,0.0000,1.413,DESCEND_TO_LOW,0.2908,-0.0138,0.0104,0.3000
2375,gimbal,static,1.8178,0.10,2.38,8.1824,0.0277,10.0000,0.0000,1.384,DESCEND_TO_LOW,0.3161,-0.0159,0.0072,0.3000
2475,gimbal,static,1.7885,0.08,2.48,8.2117,0.0274,10.0000,0.0000,1.361,HOLD,0.3200,-0.0181,-0.0184,0.3000
2575,gimbal,static,1.7600,0.04,2.58,8.2402,0.0269,10.0000,0.0000,1.335,DESCEND_TO_LOW,0.3303,-0.0265,-0.0928,0.3000
2675,gimbal,static,1.7282,0.01,2.68,8.2720,0.0262,10.0000,0.0000,1.313,DESCEND_TO_LOW,0.3281,-0.0200,0.0020,0.3000
2775,gimbal,static,1.6979,-0.00,2.78,8.3023,0.0252,10.0000,0.0000,1.285,STABILIZE_LOW,0.3245,-0.0219,-0.0016,0.0854
2875,gimbal,static,1.6644,-0.01,2.88,8.3358,0.0239,10.0000,0.0000,1.264,STABILIZE_LOW,0.3202,-0.0217,-0.0232,0.0791
2975,gimbal,static,1.6331,-0.01,2.98,8.3670,0.0226,10.0000,0.0000,1.246,STABILIZE_LOW,0.3049,-0.0173,0.0228,0.0738
3075,gimbal,static,1.5990,0.00,3.08,8.4011,0.0210,10.0000,0.0000,1.234,STABILIZE_LOW,0.2997,-0.0193,-0.0000,0.0702
3175,gimbal,static,1.5673,0.02,3.18,8.4328,0.0193,10.0000,0.0000,1.226,STABILIZE_LOW,0.2656,-0.0147,0.0040,0.0677
3275,gimbal,static,1.5326,0.04,3.28,8.4675,0.0177,10.0000,0.0000,1.222,STABILIZE_LOW,0.2394,-0.0125,0.0060,0.0666
3375,gimbal,static,1.5012,0.06,3.38,8.4989,0.0165,10.0000,0.0000,1.213,STABILIZE_LOW,0.2167,-0.0103,0.0072,0.0640
3475,gimbal,static,1.4681,0.07,3.48,8.5320,0.0156,10.0000,0.0000,1.207,STABILIZE_LOW,0.1941,-0.0082,0.0096,0.0621
3575,gimbal,static,1.4388,0.08,3.58,8.5613,0.0148,10.0000,0.0000,1.196,STABILIZE_LOW,0.1644,-0.0081,0.0092,0.0589
3675,gimbal,static,1.4099,0.08,3.68,8.5901,0.0137,10.0000,0.0000,1.189,STABILIZE_LOW,0.1400,-0.0080,0.0088,0.0568
3775,gimbal,static,1.3864,0.07,3.78,8.6136,0.0125,10.0000,0.0000,1.181,STABILIZE_LOW,0.1214,-0.0079,-0.0096,0.0543
3875,gimbal,static,1.3645,0.06,3.88,8.6355,0.0112,10.0000,0.0000,1.172,STABILIZE_LOW,0.1138,-0.0059,0.0108,0.0516
3975,gimbal,static,1.3469,0.03,3.98,8.6532,0.0102,10.0000,0.0000,1.164,STABILIZE_LOW,0.1103,-0.0058,0.0104,0.0491
4075,gimbal,static,1.3298,0.01,4.08,8.6702,0.0096,10.0000,0.0000,1.159,STABILIZE_LOW,0.1066,-0.0077,-0.0096,0.0478
4175,gimbal,static,1.3157,-0.02,4.18,8.6844,0.0093,10.0000,0.0000,1.153,STABILIZE_LOW,0.1044,-0.0057,-0.0072,0.0460
4275,gimbal,static,1.3016,-0.03,4.28,8.6984,0.0092,10.0000,0.0000,1.149,STABILIZE_LOW,0.1046,-0.0057,-0.0072,0.0447
4375,gimbal,static,1.2889,-0.04,4.38,8.7111,0.0089,10.0000,0.0000,1.143,STABILIZE_LOW,0.0975,-0.0076,-0.0092,0.0430
4475,gimbal,static,1.2749,-0.05,4.48,8.7251,0.0082,10.0000,0.0000,1.141,STABILIZE_LOW,0.0890,-0.0075,-0.0092,0.0424
4575,gimbal,static,1.2621,-0.04,4.58,8.7379,0.0077,10.0000,0.0000,1.142,STABILIZE_LOW,0.0841,-0.0075,-0.0092,0.0425
4675,gimbal,static,1.2486,-0.03,4.68,8.7514,0.0075,10.0000,0.0000,1.143,STABILIZE_LOW,0.0707,-0.0056,0.0100,0.0429
4775,gimbal,static,1.2364,-0.02,4.78,8.7636,0.0076,10.0000,0.0000,1.140,STABILIZE_LOW,0.0637,-0.0056,0.0096,0.0420
4875,gimbal,static,1.2235,0.00,4.88,8.7765,0.0074,10.0000,0.0000,1.138,STABILIZE_LOW,0.0541,-0.0056,0.0096,0.0413
4975,gimbal,static,1.2118,0.03,4.98,8.7883,0.0070,10.0000,0.0000,1.137,STABILIZE_LOW,0.0425,-0.0037,0.0116,0.0412
5075,gimbal,static,1.1991,0.05,5.08,8.8009,0.0061,10.0000,0.0000,1.136,STABILIZE_LOW,0.0425,-0.0037,0.0116,0.0408
5175,gimbal,static,1.1875,0.06,5.18,8.8125,0.0051,10.0000,0.0000,1.138,STABILIZE_LOW,0.0425,-0.0037,0.0116,0.0413
5275,gimbal,static,1.1755,0.07,5.28,8.8245,0.0038,10.0000,0.0000,1.138,STABILIZE_LOW,0.0425,-0.0038,0.0116,0.0413
5375,gimbal,static,1.1654,0.06,5.38,8.8346,0.0026,10.0000,0.0000,1.136,STABILIZE_LOW,0.0083,-0.0018,-0.0024,0.0409
5475,gimbal,static,1.1551,0.05,5.48,8.8449,0.0015,10.0000,0.0000,1.137,STABILIZE_LOW,-0.0009,0.0000,-0.0156,0.0410
5575,gimbal,static,1.1464,0.03,5.58,8.8536,0.0012,10.0000,0.0000,1.136,STABILIZE_LOW,-0.0099,0.0000,-0.0160,0.0408
5675,gimbal,static,1.1374,0.00,5.68,8.8626,0.0015,10.0000,0.0000,1.139,STABILIZE_LOW,-0.0216,0.0000,-0.0000,0.0416
5775,gimbal,static,1.1302,-0.02,5.78,8.8698,0.0026,10.0000,0.0000,1.137,STABILIZE_LOW,-0.0216,0.0001,-0.0000,0.0411
5875,gimbal,static,1.1243,-0.04,5.88,8.8757,0.0044,10.0000,0.0000,1.136,STABILIZE_LOW,-0.0394,-0.0017,-0.0024,0.0409
5975,gimbal,static,1.1201,-0.05,5.98,8.8800,0.0064,10.0000,0.0000,1.137,STABILIZE_LOW,-0.0410,-0.0035,0.0108,0.0410
6075,gimbal,static,1.1169,-0.06,6.08,8.8831,0.0083,10.0000,0.0000,1.133,STABILIZE_LOW,-0.0409,-0.0053,-0.0072,0.0398
6175,gimbal,static,1.1160,-0.06,6.18,8.8840,0.0098,10.0000,0.0000,1.129,STABILIZE_LOW,-0.0351,-0.0087,-0.0116,0.0386
6275,gimbal,static,1.1171,-0.05,6.28,8.8829,0.0114,10.0000,0.0000,1.124,STABILIZE_LOW,-0.0297,-0.0088,0.0036,0.0372
6375,gimbal,static,1.1194,-0.03,6.38,8.8807,0.0131,10.0000,0.0000,1.119,STABILIZE_LOW,-0.0203,-0.0105,0.0012,0.0358
6475,gimbal,static,1.1224,-0.02,6.48,8.8777,0.0149,10.0000,0.0000,1.113,STABILIZE_LOW,-0.0108,-0.0123,-0.0012,0.0340
6575,gimbal,static,1.1250,0.00,6.58,8.8752,0.0164,10.0000,0.0000,1.103,STABILIZE_LOW,0.0052,-0.0140,-0.0184,0.0309
6675,gimbal,static,1.1280,0.03,6.68,8.8721,0.0176,10.0000,0.0000,1.094,STABILIZE_LOW,0.0234,-0.0141,0.0116,0.0283
6775,gimbal,static,1.1306,0.05,6.78,8.8695,0.0177,10.0000,0.0000,1.084,STABILIZE_LOW,0.0351,-0.0141,0.0124,0.0253
6875,gimbal,static,1.1323,0.08,6.88,8.8678,0.0169,10.0000,0.0000,1.073,STABILIZE_LOW,0.0447,-0.0142,0.0120,0.0219
6975,gimbal,static,1.1327,0.11,6.98,8.8674,0.0157,10.0000,0.0000,1.057,STABILIZE_LOW,0.0450,-0.0143,0.0120,0.0170
7075,gimbal,static,1.1316,0.14,7.08,8.8685,0.0146,10.0000,0.0000,1.045,STABILIZE_LOW,0.0452,-0.0144,0.0120,0.0136
7175,gimbal,static,1.1291,0.14,7.18,8.8710,0.0138,10.0000,0.0000,1.041,STABILIZE_LOW,0.0453,-0.0145,0.0120,0.0122
7275,gimbal,static,1.1251,0.14,7.28,8.8749,0.0133,10.0000,0.0000,1.037,STABILIZE_LOW,0.0454,-0.0145,0.0120,0.0110
7376,gimbal,static,1.1212,0.12,7.38,8.8789,0.0129,10.0000,0.0000,1.032,STABILIZE_LOW,0.0454,-0.0145,0.0120,0.0097
7475,gimbal,static,1.1165,0.08,7.48,8.8836,0.0127,10.0000,0.0000,1.030,STABILIZE_LOW,0.0680,-0.0070,0.0056,0.0091
7575,gimbal,static,1.1119,0.04,7.58,8.8882,0.0127,10.0000,0.0000,1.026,STABILIZE_LOW,0.0708,-0.0087,0.0028,0.0078
7675,gimbal,static,1.1060,-0.00,7.68,8.8941,0.0129,10.0000,0.0000,1.024,STABILIZE_LOW,0.0709,-0.0087,0.0028,0.0073
7776,gimbal,static,1.0988,-0.05,7.78,8.9012,0.0126,10.0000,0.0000,1.024,TERMINAL_LAND,0.0643,-0.0104,-0.0140,0.0073
7875,gimbal,static,1.0913,-0.09,7.88,8.9088,0.0127,10.0000,0.0000,1.024,TERMINAL_LAND,0.0671,-0.0121,-0.0016,0.0000
7975,gimbal,static,1.0828,-0.12,7.98,8.9173,0.0130,10.0000,0.0000,1.025,TERMINAL_LAND,0.0749,-0.0119,-0.0012,0.0000
8075,gimbal,static,1.0749,-0.15,8.08,8.9252,0.0131,10.0000,0.0000,1.023,TERMINAL_LAND,0.1014,-0.0136,-0.0032,0.0000
8175,gimbal,static,1.0674,-0.16,8.18,8.9326,0.0129,10.0000,0.0000,1.022,TERMINAL_LAND,0.1208,-0.0136,-0.0032,0.0000
8275,gimbal,static,1.0602,-0.15,8.28,8.9399,0.0118,10.0000,0.0000,1.024,TERMINAL_LAND,0.1207,-0.0136,-0.0032,0.0000
8375,gimbal,static,1.0538,-0.12,8.38,8.9462,0.0095,10.0000,0.0000,1.027,TERMINAL_LAND,0.1206,-0.0135,-0.0032,0.0000
8475,gimbal,static,1.0465,-0.08,8.48,8.9535,0.0058,10.0000,0.0000,1.027,TERMINAL_LAND,0.1748,-0.0084,0.0040,0.0000
8575,gimbal,static,1.0396,-0.04,8.58,8.9604,0.0019,10.0000,0.0000,1.021,TERMINAL_LAND,0.1937,-0.0050,-0.0060,0.0000
8675,gimbal,static,1.0312,-0.01,8.68,8.9688,-0.0019,10.0000,0.0000,1.018,TERMINAL_LAND,0.2058,-0.0000,0.0140,0.0000
8775,gimbal,static,1.0219,0.01,8.78,8.9781,-0.0051,10.0000,0.0000,1.017,TERMINAL_LAND,0.2058,0.0000,0.0140,0.0000
8875,gimbal,static,1.0101,0.02,8.88,8.9899,-0.0078,10.0000,0.0000,1.017,TERMINAL_LAND,0.2351,0.0049,-0.0224,0.0000
8975,gimbal,static,0.9983,0.02,8.98,9.0017,-0.0096,10.0000,0.0000,1.013,TERMINAL_LAND,0.2582,0.0097,0.0112,0.0000
9075,gimbal,static,0.9847,0.01,9.08,9.0153,-0.0106,10.0000,0.0000,1.007,TERMINAL_LAND,0.2737,0.0112,0.0124,0.0000
9175,gimbal,static,0.9710,-0.01,9.18,9.0291,-0.0113,10.0000,0.0000,1.003,TERMINAL_LAND,0.2750,0.0111,-0.0012,0.0000
9275,gimbal,static,0.9544,-0.02,9.28,9.0457,-0.0117,10.0000,0.0000,1.002,TERMINAL_LAND,0.2910,0.0111,-0.0012,0.0000
9375,gimbal,static,0.9374,-0.02,9.38,9.0627,-0.0122,10.0000,0.0000,0.998,TERMINAL_LAND,0.2977,0.0125,-0.0000,0.0000
9475,gimbal,static,0.9164,-0.01,9.48,9.0837,-0.0128,10.0000,0.0000,0.995,TERMINAL_LAND,0.2972,0.0123,0.0128,0.0000
9575,gimbal,static,0.8950,0.00,9.58,9.1051,-0.0133,10.0000,0.0000,0.997,TERMINAL_LAND,0.2946,0.0121,-0.0008,0.0000
9675,gimbal,static,0.8703,0.02,9.68,9.1298,-0.0138,10.0000,0.0000,1.000,TERMINAL_LAND,0.2988,0.0122,-0.0004,0.0000
9775,gimbal,static,0.8463,0.03,9.78,9.1538,-0.0143,10.0000,0.0000,1.000,TERMINAL_LAND,0.2842,0.0134,0.0008,0.0000
9875,gimbal,static,0.8197,0.03,9.88,9.1804,-0.0146,10.0000,0.0000,1.000,TERMINAL_LAND,0.2842,0.0134,0.0008,0.0000
9975,gimbal,static,0.7949,0.04,9.98,9.2052,-0.0154,10.0000,0.0000,0.999,TERMINAL_LAND,0.2660,0.0130,0.0000,0.0000
10075,gimbal,static,0.7680,0.03,10.08,9.2322,-0.0168,10.0000,0.0000,0.997,TERMINAL_LAND,0.2661,0.0130,0.0000,0.0000
10175,gimbal,static,0.7416,0.02,10.18,9.2587,-0.0185,10.0000,0.0000,0.995,TERMINAL_LAND,0.2586,0.0157,0.0024,0.0000
10275,gimbal,static,0.7184,0.01,10.28,9.2819,-0.0204,10.0000,0.0000,0.988,TERMINAL_LAND,0.2593,0.0157,0.0024,0.0000
10375,gimbal,static,0.6962,-0.01,10.38,9.3041,-0.0226,10.0000,0.0000,0.980,TERMINAL_LAND,0.2601,0.0157,0.0024,0.0000
10475,gimbal,static,0.6730,-0.03,10.48,9.3275,-0.0250,10.0000,0.0000,0.974,TERMINAL_LAND,0.2489,0.0217,0.0072,0.0000
10575,gimbal,static,0.6517,-0.06,10.58,9.3489,-0.0267,10.0000,0.0000,0.969,TERMINAL_LAND,0.2441,0.0227,0.0076,0.0000
10675,gimbal,static,0.6284,-0.09,10.68,9.3722,-0.0282,10.0000,0.0000,0.965,TERMINAL_LAND,0.2445,0.0227,0.0076,0.0000
10775,gimbal,static,0.6067,-0.11,10.78,9.3940,-0.0292,10.0000,0.0000,0.962,TERMINAL_LAND,0.2448,0.0226,0.0076,0.0000
10875,gimbal,static,0.5833,-0.13,10.88,9.4174,-0.0302,10.0000,0.0000,0.961,TERMINAL_LAND,0.2407,0.0260,0.0092,0.0000
10975,gimbal,static,0.5618,-0.15,10.98,9.4390,-0.0310,10.0000,0.0000,0.962,TERMINAL_LAND,0.2319,0.0256,-0.0036,0.0000
11075,gimbal,static,0.5386,-0.16,11.08,9.4623,-0.0318,10.0000,0.0000,0.964,TERMINAL_LAND,0.2262,0.0254,-0.0044,0.0000
11175,gimbal,static,0.5151,-0.17,11.18,9.4860,-0.0327,10.0000,0.0000,0.967,TERMINAL_LAND,0.2213,0.0265,-0.0156,0.0000
11275,gimbal,static,0.4932,-0.17,11.28,9.5080,-0.0334,10.0000,0.0000,0.973,TERMINAL_LAND,0.2191,0.0263,-0.0160,0.0000
11375,gimbal,static,0.4716,-0.16,11.38,9.5297,-0.0339,10.0000,0.0000,0.975,TERMINAL_LAND,0.2075,0.0274,-0.0164,0.0000
11475,gimbal,static,0.4478,-0.15,11.48,9.5534,-0.0340,10.0000,0.0000,0.976,TERMINAL_LAND,0.1986,0.0283,-0.0060,0.0000
11575,gimbal,static,0.4243,-0.13,11.58,9.5770,-0.0336,10.0000,0.0000,0.973,TERMINAL_LAND,0.1958,0.0294,-0.0060,0.0000
11675,gimbal,static,0.4029,-0.12,11.68,9.5985,-0.0335,10.0000,0.0000,0.966,TERMINAL_LAND,0.1911,0.0278,-0.0076,0.0000
11775,gimbal,static,0.3798,-0.10,11.78,9.6217,-0.0333,10.0000,0.0000,0.960,TERMINAL_LAND,0.1876,0.0287,-0.0084,0.0000
11875,gimbal,static,0.3589,-0.08,11.88,9.6426,-0.0329,10.0000,0.0000,0.953,TERMINAL_LAND,0.1802,0.0284,0.0012,0.0000
11975,gimbal,static,0.3385,-0.06,11.98,9.6631,-0.0324,10.0000,0.0000,0.946,TERMINAL_LAND,0.1765,0.0293,0.0004,0.0000
12075,gimbal,static,0.3169,-0.04,12.08,9.6847,-0.0318,10.0000,0.0000,0.938,TERMINAL_LAND,0.1762,0.0278,-0.0008,0.0000
12175,gimbal,static,0.2976,-0.02,12.18,9.7040,-0.0312,10.0000,0.0000,0.931,TERMINAL_LAND,0.1721,0.0275,-0.0020,0.0000
12275,gimbal,static,0.2779,-0.01,12.28,9.7237,-0.0303,10.0000,0.0000,0.916,TERMINAL_LAND,0.1704,0.0271,-0.0032,0.0000
12375,gimbal,static,0.2611,-0.00,12.38,9.7405,-0.0288,10.0000,0.0000,0.902,TERMINAL_LAND,0.1664,0.0268,-0.0044,0.0000
12475,gimbal,static,0.2434,-0.00,12.48,9.7581,-0.0271,10.0000,0.0000,0.892,TERMINAL_LAND,0.1653,0.0254,-0.0056,0.0000
12575,gimbal,static,0.2277,-0.00,12.58,9.7737,-0.0253,10.0000,0.0000,0.882,TERMINAL_LAND,0.1642,0.0240,0.0028,0.0000
12675,gimbal,static,0.2119,-0.00,12.68,9.7894,-0.0228,10.0000,0.0000,0.875,TERMINAL_LAND,0.1684,0.0215,-0.0080,0.0000
12775,gimbal,static,0.1977,-0.00,12.78,9.8033,-0.0205,10.0000,0.0000,0.865,TERMINAL_LAND,0.1685,0.0191,0.0004,0.0000
12875,gimbal,static,0.1827,-0.00,12.88,9.8182,-0.0184,10.0000,0.0000,0.863,TERMINAL_LAND,0.1632,0.0169,-0.0000,0.0000
12975,gimbal,static,0.1688,0.00,12.98,9.8320,-0.0169,10.0000,0.0000,0.863,TERMINAL_LAND,0.1494,0.0148,0.0000,0.0000
13075,gimbal,static,0.1536,0.01,13.08,9.8471,-0.0150,10.0000,0.0000,0.865,TERMINAL_LAND,0.1366,0.0127,0.0004,0.0000
13175,gimbal,static,0.1395,0.01,13.18,9.8611,-0.0129,10.0000,0.0000,0.867,TERMINAL_LAND,0.1366,0.0127,0.0004,0.0000
13275,gimbal,static,0.1241,0.02,13.28,9.8764,-0.0111,10.0000,0.0000,0.865,TERMINAL_LAND,0.1134,0.0106,0.0000,0.0000
13375,gimbal,static,0.1095,0.03,13.38,9.8909,-0.0098,10.0000,0.0000,0.867,TERMINAL_LAND,0.1133,0.0106,0.0000,0.0000
13475,gimbal,static,0.0940,0.03,13.48,9.9064,-0.0087,10.0000,0.0000,0.871,TERMINAL_LAND,0.0886,0.0085,0.0000,0.0000
13575,gimbal,static,0.0800,0.04,13.58,9.9204,-0.0079,10.0000,0.0000,0.878,TERMINAL_LAND,0.0758,0.0075,0.0000,0.0000
13675,gimbal,static,0.0650,0.04,13.68,9.9354,-0.0078,10.0000,0.0000,0.883,TERMINAL_LAND,0.0614,0.0064,0.0000,0.0000
13775,gimbal,static,0.0517,0.03,13.78,9.9490,-0.0085,10.0000,0.0000,0.886,TERMINAL_LAND,0.0613,0.0064,0.0000,0.0000
13875,gimbal,static,0.0386,0.03,13.88,9.9625,-0.0089,10.0000,0.0000,0.883,TERMINAL_LAND,0.0343,0.0075,0.0000,0.3000
13975,gimbal,static,0.0272,0.03,13.98,9.9741,-0.0081,10.0000,0.0000,0.869,TERMINAL_LAND,0.0244,0.0075,0.0000,0.3000
14075,gimbal,static,0.0165,0.02,14.08,9.9848,-0.0065,10.0000,0.0000,0.850,TERMINAL_LAND,0.0107,0.0063,0.0000,0.3000
14175,gimbal,static,0.0084,0.01,14.18,9.9931,-0.0048,10.0000,0.0000,0.829,TERMINAL_LAND,0.0021,0.0062,0.0096,0.3000
14275,gimbal,static,0.0031,0.01,14.28,10.0005,-0.0031,10.0000,0.0000,0.805,TERMINAL_LAND,0.0021,0.0063,0.0096,0.3000
14375,gimbal,static,0.0066,-0.00,14.38,10.0064,-0.0013,10.0000,0.0000,0.781,TERMINAL_LAND,-0.0092,0.0020,0.0000,0.3000
14475,gimbal,static,0.0108,-0.01,14.48,10.0108,0.0007,10.0000,0.0000,0.758,TERMINAL_LAND,-0.0124,0.0010,0.0084,0.3000
14575,gimbal,static,0.0143,-0.02,14.58,10.0138,0.0037,10.0000,0.0000,0.730,TERMINAL_LAND,-0.0148,-0.0019,-0.0000,0.3000
14675,gimbal,static,0.0174,-0.02,14.68,10.0156,0.0077,10.0000,0.0000,0.701,TERMINAL_LAND,-0.0162,-0.0055,-0.0000,0.3000
14775,gimbal,static,0.0204,-0.02,14.78,10.0167,0.0118,10.0000,0.0000,0.671,TERMINAL_LAND,-0.0191,-0.0081,0.0072,0.3000
14875,gimbal,static,0.0229,-0.02,14.88,10.0172,0.0151,10.0000,0.0000,0.645,TERMINAL_LAND,-0.0173,-0.0128,-0.0004,0.3000
14975,gimbal,static,0.0247,-0.03,14.98,10.0170,0.0178,10.0000,0.0000,0.619,TERMINAL_LAND,-0.0192,-0.0160,-0.0004,0.3000
15075,gimbal,static,0.0255,-0.04,15.08,10.0167,0.0192,10.0000,0.0000,0.590,TERMINAL_LAND,-0.0193,-0.0162,-0.0004,0.3000
15175,gimbal,static,0.0258,-0.05,15.18,10.0164,0.0199,10.0000,0.0000,0.557,TERMINAL_LAND,-0.0196,-0.0163,-0.0004,0.3000
15275,gimbal,static,0.0257,-0.06,15.28,10.0162,0.0199,10.0000,0.0000,0.519,TERMINAL_LAND,-0.0139,-0.0202,-0.0004,0.3000
15375,gimbal,static,0.0255,-0.06,15.38,10.0163,0.0197,10.0000,0.0000,0.475,TERMINAL_LAND,-0.0135,-0.0208,-0.0108,0.3000
15475,gimbal,static,0.0256,-0.07,15.48,10.0165,0.0196,10.0000,0.0000,0.435,TERMINAL_LAND,-0.0166,-0.0206,-0.0000,0.3000
15575,gimbal,static,0.0260,-0.06,15.58,10.0171,0.0197,10.0000,0.0000,0.400,TERMINAL_LAND,-0.0162,-0.0200,-0.0000,0.3000
15675,gimbal,static,0.0266,-0.06,15.68,10.0177,0.0199,10.0000,0.0000,0.366,DONE,-0.0162,-0.0200,-0.0000,0.3000
