time_ms,scenario,drone_x,drone_y,drone_yaw_rad,rotation_error_deg,altitude_m,pixel_err_x,pixel_err_y,ground_err_m,forward_err_m,lateral_err_m,gimbal_norm,locked,state,last_cmd_pitch,last_cmd_roll,last_cmd_yaw_vel,last_cmd_thrust
67,static,0.4784,0.0184,0.0190,16.89,2.039,4.6768,2.5420,5.3230,4.7416,2.4189,0.000,1,SEARCH,0.4541,0.0000,0.0000,0.0118
170,static,0.5103,0.0131,0.0073,16.89,2.043,4.6768,2.5420,5.3230,4.7198,2.4613,0.000,1,SEARCH,0.4512,0.0000,0.0000,0.0129
267,static,0.5416,0.0047,6.2769,0.00,2.048,0.0000,0.0000,0.0000,0.0000,0.0000,0.000,0,SEARCH,0.4474,0.0000,0.0000,0.0143
369,static,0.5758,-0.0028,6.2653,0.00,2.049,0.0000,0.0000,0.0000,0.0000,0.0000,0.000,0,SEARCH,0.4449,0.0000,0.0000,0.0148
471,static,0.6001,-0.0081,6.2592,20.14,2.050,4.0480,2.5475,4.7829,3.9927,2.6334,0.000,1,SEARCH,0.4415,0.0000,0.0000,0.0151
567,static,0.6364,-0.0156,6.2558,0.00,2.050,0.0000,0.0000,0.0000,0.0000,0.0000,0.000,0,SEARCH,0.4385,0.0000,0.0000,0.0150
670,static,0.6667,-0.0218,6.2554,0.00,2.049,0.0000,0.0000,0.0000,0.0000,0.0000,0.000,0,SEARCH,0.4358,0.0000,0.0000,0.0148
767,static,0.6964,-0.0272,6.2575,0.00,2.049,0.0000,0.0000,0.0000,0.0000,0.0000,0.000,0,SEARCH,0.4321,0.0000,0.0000,0.0148
871,static,0.7237,-0.0319,6.2600,0.00,2.049,0.0000,0.0000,0.0000,0.0000,0.0000,0.000,0,SEARCH,0.4298,0.0000,0.0000,0.0147
968,static,0.7572,-0.0374,6.2612,0.00,2.050,0.0000,0.0000,0.0000,0.0000,0.0000,0.000,0,SEARCH,0.4264,0.0000,0.0000,0.0150
1068,static,0.7875,-0.0427,6.2617,0.00,2.051,0.0000,0.0000,0.0000,0.0000,0.0000,0.000,0,SEARCH,0.4237,0.0000,0.0000,0.0152
1167,static,0.8160,-0.0470,6.2612,0.00,2.051,0.0000,0.0000,0.0000,0.0000,0.0000,0.000,0,SEARCH,0.4203,0.0000,0.0000,0.0153
1269,static,0.8493,-0.0546,6.2615,0.00,2.050,0.0000,0.0000,0.0000,0.0000,0.0000,0.000,0,SEARCH,0.4171,0.0000,0.0000,0.0151
1370,static,0.8876,-0.0631,6.2641,21.57,2.049,3.2114,2.5146,4.0787,3.1582,2.5811,0.000,1,SEARCH,0.4137,0.0000,0.0000,0.0148
1473,static,0.9232,-0.0719,6.2681,0.00,2.047,0.0000,0.0000,0.0000,0.0000,0.0000,0.000,0,SEARCH,0.4102,0.0000,0.0000,0.0140
1567,static,0.9569,-0.0804,6.2717,21.59,2.046,3.0593,2.4736,3.9342,3.0252,2.5152,0.000,1,SEARCH,0.4069,0.0000,0.0000,0.0137
1675,static,0.9946,-0.0927,6.2705,22.48,2.044,2.8172,2.4398,3.7268,2.7896,2.4713,0.000,1,SEARCH,0.4028,0.0000,0.0000,0.0133
1769,static,1.0386,-0.1060,6.2712,22.08,2.042,2.8181,2.4814,3.7549,2.7855,2.5180,0.000,1,SEARCH,0.3994,0.0000,0.0000,0.0125
1869,static,1.0809,-0.1188,6.2792,0.00,2.037,0.0000,0.0000,0.0000,0.0000,0.0000,0.000,0,SEARCH,0.3953,0.0000,0.0000,0.0111
1970,static,1.1205,-0.1288,0.0086,0.00,2.034,0.0000,0.0000,0.0000,0.0000,0.0000,0.000,0,SEARCH,0.3915,0.0000,0.0000,0.0103
2069,static,1.1655,-0.1394,0.0203,0.00,2.033,0.0000,0.0000,0.0000,0.0000,0.0000,0.000,0,SEARCH,0.3866,0.0000,0.0000,0.0098
2169,static,1.2172,-0.1496,0.0298,0.00,2.031,0.0000,0.0000,0.0000,0.0000,0.0000,0.000,0,SEARCH,0.3821,0.0000,0.0000,0.0092
2273,static,1.2552,-0.1584,0.0373,0.00,2.028,0.0000,0.0000,0.0000,0.0000,0.0000,0.000,0,SEARCH,0.3773,0.0000,0.0000,0.0083
2371,static,1.3135,-0.1711,0.0440,0.00,2.025,0.0000,0.0000,0.0000,0.0000,0.0000,0.000,0,SEARCH,0.3721,0.0000,0.0000,0.0074
2477,static,1.3581,-0.1805,0.0467,21.42,2.023,1.7921,2.2212,2.8540,1.8899,2.1386,0.000,1,SEARCH,0.3677,0.0000,0.0000,0.0069
2567,static,1.4141,-0.1921,0.0436,0.00,2.020,0.0000,0.0000,0.0000,0.0000,0.0000,0.000,0,SEARCH,0.3617,0.0000,0.0000,0.0060
2670,static,1.4670,-0.2032,0.0366,0.00,2.017,0.0000,0.0000,0.0000,0.0000,0.0000,0.000,0,SEARCH,0.3575,0.0000,0.0000,0.0052
2767,static,1.5209,-0.2124,0.0281,0.00,2.014,0.0000,0.0000,0.0000,0.0000,0.0000,0.000,0,SEARCH,0.3517,0.0000,0.0000,0.0042
2871,static,1.5696,-0.2192,0.0220,21.41,2.013,1.1149,2.1599,2.4307,1.1690,2.1311,0.000,1,SEARCH,0.3463,0.0000,0.0000,0.0039
2973,static,1.6292,-0.2256,0.0186,22.76,2.013,0.8942,2.1390,2.3185,0.9393,2.1197,0.000,1,SEARCH,0.3414,0.0000,0.0000,0.0038
3071,static,1.6775,-0.2294,0.0151,23.23,2.014,0.7933,2.1343,2.2770,0.8294,2.1206,0.000,1,SEARCH,0.3355,0.0000,0.0000,0.0041
3169,static,1.7305,-0.2320,0.0104,23.66,2.014,0.6805,2.1165,2.2232,0.7080,2.1075,0.000,1,SEARCH,0.3301,0.0000,0.0000,0.0042
3271,static,1.7836,-0.2337,0.0053,23.65,2.014,0.5430,2.1043,2.1733,0.5628,2.0991,0.000,1,SEARCH,0.3254,0.0000,0.0000,0.0041
3367,static,1.8357,-0.2342,0.0013,24.15,2.014,0.4130,2.0869,2.1274,0.4202,2.0855,0.000,1,SEARCH,0.3190,0.0000,0.0000,0.0041
3470,static,1.8878,-0.2338,0.0009,24.29,2.013,0.3302,2.0929,2.1188,0.3320,2.0926,0.000,1,SEARCH,0.3149,0.0000,0.0000,0.0038
3576,static,1.9396,-0.2316,0.0027,25.73,2.010,0.2336,2.0751,2.0882,0.2363,2.0748,0.000,1,SEARCH,0.3091,0.0000,0.0000,0.0031
3669,static,1.9906,-0.2286,0.0064,25.87,2.008,0.1725,2.0521,2.0594,0.1811,2.0514,0.000,1,SEARCH,0.3040,0.0000,0.0000,0.0024
3774,static,2.0462,-0.2252,0.0113,25.87,2.006,0.1725,2.0521,2.0594,0.1885,2.0507,0.000,1,SEARCH,0.2994,0.0000,0.0000,0.0017
3869,static,2.0912,-0.2233,0.0141,26.31,2.003,-0.1602,1.8856,1.8924,-0.1361,1.8875,0.000,1,SEARCH,0.2939,0.0000,0.0000,0.0010
3968,static,2.1404,-0.2210,0.0151,25.59,2.003,-0.1981,1.8559,1.8665,-0.1710,1.8586,0.000,1,SEARCH,0.2894,0.0000,0.0000,0.0008
4067,static,2.1941,-0.2192,0.0152,25.89,2.002,-0.2694,1.8379,1.8575,-0.2423,1.8416,0.000,1,SEARCH,0.2840,0.0000,0.0000,0.0007
4167,static,2.2424,-0.2171,0.0168,25.89,2.002,-0.2694,1.8379,1.8575,-0.2404,1.8419,0.000,1,SEARCH,0.2787,0.0000,0.0000,0.0005
4273,static,2.2852,-0.2171,0.0166,25.18,2.002,-0.4236,1.7908,1.8402,-0.3940,1.7975,0.000,1,SEARCH,0.2753,0.0000,0.0000,0.0006
4372,static,2.3371,-0.2174,0.0160,25.26,2.002,-0.4328,1.7917,1.8432,-0.4034,1.7985,0.000,1,SEARCH,0.2696,0.0000,0.0000,0.0007
4471,static,2.3844,-0.2178,0.0146,25.55,2.001,-0.5406,1.7514,1.8329,-0.5139,1.7594,0.000,1,SEARCH,0.2649,0.0000,0.0000,0.0003
4570,static,2.4261,-0.2172,0.0121,25.05,2.001,-0.6267,1.7535,1.8621,-0.6020,1.7621,0.000,1,SEARCH,0.2597,0.0000,0.0000,0.0002
4668,static,2.4713,-0.2172,0.0100,25.27,1.999,-0.6774,1.7414,1.8685,-0.6573,1.7491,0.000,1,SEARCH,0.2556,0.0000,0.0000,-0.0003
4772,static,2.5199,-0.2175,0.0099,26.55,1.997,-0.7966,1.7248,1.8998,-0.7801,1.7323,0.000,1,SEARCH,0.2511,0.0000,0.0000,-0.0009
4873,static,2.5583,-0.2179,0.0123,26.84,1.996,-0.8658,1.7080,1.9149,-0.8471,1.7174,0.000,1,SEARCH,0.2467,0.0000,0.0000,-0.0013
4970,static,2.5999,-0.2173,0.0144,27.05,1.994,-0.8776,1.7063,1.9188,-0.8551,1.7177,0.000,1,SEARCH,0.2425,0.0000,0.0000,-0.0018
5072,static,2.6440,-0.2169,0.0140,26.18,1.993,-0.9658,1.6642,1.9242,-0.9423,1.6777,0.000,1,SEARCH,0.2384,0.0000,0.0000,-0.0020
5171,static,2.6791,-0.2160,0.0124,26.19,1.992,-1.0196,1.6646,1.9521,-0.9965,1.6785,0.000,1,SEARCH,0.2344,0.0000,0.0000,-0.0023
5273,static,2.7209,-0.2148,0.0098,26.56,1.990,-1.0760,1.6541,1.9732,-1.0560,1.6669,0.000,1,SEARCH,0.2313,0.0000,0.0000,-0.0030
5370,static,2.7569,-0.2112,0.0060,27.20,1.986,-1.0787,1.6534,1.9741,-1.0633,1.6633,0.000,1,SEARCH,0.2272,0.0000,0.0000,-0.0043
5470,static,2.7881,-0.2071,0.0022,27.95,1.982,-1.2039,1.6359,2.0311,-1.1961,1.6416,0.000,1,SEARCH,0.2232,0.0000,0.0000,-0.0054
5573,static,2.8208,-0.2026,6.2812,27.95,1.980,-1.2039,1.6359,2.0311,-1.2009,1.6381,0.000,1,SEARCH,0.2202,0.0000,0.0000,-0.0060
5670,static,2.8514,-0.1978,6.2742,28.32,1.978,-1.2225,1.6261,2.0344,-1.2293,1.6210,0.000,1,SEARCH,0.2167,0.0000,0.0000,-0.0065
5768,static,2.8805,-0.1924,6.2677,28.64,1.978,-1.2121,1.6156,2.0198,-1.2306,1.6016,0.000,1,SEARCH,0.2137,0.0000,0.0000,-0.0066
5869,static,2.9086,-0.1855,6.2612,28.64,1.978,-1.2121,1.6156,2.0198,-1.2418,1.5929,0.000,1,SEARCH,0.2108,0.0000,0.0000,-0.0065
5972,static,2.9353,-0.1784,6.2590,28.64,1.981,-1.2121,1.6156,2.0198,-1.2495,1.5869,0.000,1,SEARCH,0.2080,0.0000,0.0000,-0.0056
6069,static,2.9630,-0.1682,6.2597,29.08,1.984,-1.3767,1.5842,2.0988,-1.4141,1.5509,0.000,1,SEARCH,0.2054,0.0000,0.0000,-0.0049
6173,static,2.9842,-0.1602,6.2625,29.08,1.987,-1.3767,1.5842,2.0988,-1.4126,1.5522,0.000,1,SEARCH,0.2030,0.0000,0.0000,-0.0040
6269,static,3.0094,-0.1515,6.2700,29.31,1.989,-1.4106,1.5517,2.0970,-1.4403,1.5241,0.000,1,SEARCH,0.2009,0.0000,0.0000,-0.0032
6369,static,3.0303,-0.1439,6.2799,29.11,1.992,-1.4433,1.5266,2.1009,-1.4613,1.5095,0.000,1,SEARCH,0.1988,0.0000,0.0000,-0.0025
6478,static,3.0538,-0.1327,0.0071,29.11,1.995,-1.4433,1.5266,2.1009,-1.4408,1.5291,0.000,1,SEARCH,0.1960,0.0000,0.0000,-0.0015
6568,static,3.0797,-0.1215,0.0153,27.18,1.996,-1.4147,1.4442,2.0217,-1.3985,1.4599,0.000,1,SEARCH,0.1937,0.0000,0.0000,-0.0012
6670,static,3.1006,-0.1140,0.0232,27.18,1.998,-1.4147,1.4442,2.0217,-1.3870,1.4708,0.000,1,SEARCH,0.1913,0.0000,0.0000,-0.0005
6770,static,3.1243,-0.1060,0.0291,27.18,2.002,-1.4147,1.4442,2.0217,-1.3767,1.4805,0.000,1,SEARCH,0.1890,0.0000,0.0000,0.0007
6869,static,3.1472,-0.0985,0.0307,25.49,2.005,-1.5643,1.2886,2.0267,-1.5249,1.3351,0.000,1,SEARCH,0.1871,0.0000,0.0000,0.0015
6971,static,3.1714,-0.0919,0.0293,25.49,2.007,-1.5643,1.2886,2.0267,-1.5240,1.3360,0.000,1,SEARCH,0.1843,0.0000,0.0000,0.0022
7068,static,3.1948,-0.0859,0.0278,25.49,2.009,-1.5643,1.2886,2.0267,-1.5266,1.3331,0.000,1,SEARCH,0.1819,0.0000,0.0000,0.0026
7171,static,3.2193,-0.0807,0.0254,25.49,2.011,-1.5643,1.2886,2.0267,-1.5298,1.3294,0.000,1,SEARCH,0.1795,0.0000,0.0000,0.0032
7270,static,3.2443,-0.0755,0.0186,0.00,2.013,0.0000,0.0000,0.0000,0.0000,0.0000,0.000,0,SEARCH,0.1771,0.0000,0.0000,0.0040
7368,static,3.2699,-0.0702,0.0112,0.00,2.016,0.0000,0.0000,0.0000,0.0000,0.0000,0.000,0,SEARCH,0.1751,0.0000,0.0000,0.0047
7468,static,3.2953,-0.0638,0.0064,0.00,2.019,0.0000,0.0000,0.0000,0.0000,0.0000,0.000,0,SEARCH,0.1720,0.0000,0.0000,0.0058
7570,static,3.3202,-0.0582,0.0095,0.00,2.023,0.0000,0.0000,0.0000,0.0000,0.0000,0.000,0,SEARCH,0.1695,0.0000,0.0000,0.0068
7670,static,3.3437,-0.0525,0.0169,0.00,2.025,0.0000,0.0000,0.0000,0.0000,0.0000,0.000,0,SEARCH,0.1670,0.0000,0.0000,0.0074
7773,static,3.3645,-0.0476,0.0216,0.00,2.025,0.0000,0.0000,0.0000,0.0000,0.0000,0.000,0,SEARCH,0.1652,0.0000,0.0000,0.0076
7869,static,3.3820,-0.0430,0.0202,0.00,2.025,0.0000,0.0000,0.0000,0.0000,0.0000,0.000,0,SEARCH,0.1628,0.0000,0.0000,0.0076
7968,static,3.3983,-0.0394,0.0200,0.00,2.023,0.0000,0.0000,0.0000,0.0000,0.0000,0.000,0,SEARCH,0.1612,0.0000,0.0000,0.0070
8069,static,3.4150,-0.0391,0.0234,0.00,2.020,0.0000,0.0000,0.0000,0.0000,0.0000,0.000,0,SEARCH,0.1598,0.0000,0.0000,0.0061
8169,static,3.4317,-0.0415,0.0256,0.00,2.017,0.0000,0.0000,0.0000,0.0000,0.0000,0.000,0,SEARCH,0.1578,0.0000,0.0000,0.0050
8268,static,3.4475,-0.0486,0.0264,0.00,2.014,0.0000,0.0000,0.0000,0.0000,0.0000,0.000,0,SEARCH,0.1562,0.0000,0.0000,0.0043
8369,static,3.4641,-0.0584,0.0287,0.00,2.015,0.0000,0.0000,0.0000,0.0000,0.0000,0.000,0,SEARCH,0.1546,0.0000,0.0000,0.0044
8469,static,3.4804,-0.0706,0.0325,0.00,2.016,0.0000,0.0000,0.0000,0.0000,0.0000,0.000,0,SEARCH,0.1529,0.0000,0.0000,0.0047
8567,static,3.4969,-0.0840,0.0339,0.00,2.018,0.0000,0.0000,0.0000,0.0000,0.0000,0.000,0,SEARCH,0.1513,0.0000,0.0000,0.0054
8668,static,3.5141,-0.0990,0.0298,0.00,2.017,0.0000,0.0000,0.0000,0.0000,0.0000,0.000,0,SEARCH,0.1496,0.0000,0.0000,0.0051
8767,static,3.5307,-0.1142,0.0248,0.00,2.018,0.0000,0.0000,0.0000,0.0000,0.0000,0.000,0,SEARCH,0.1479,0.0000,0.0000,0.0053
8867,static,3.5464,-0.1310,0.0222,0.00,2.018,0.0000,0.0000,0.0000,0.0000,0.0000,0.000,0,SEARCH,0.1466,0.0000,0.0000,0.0054
8967,static,3.5618,-0.1484,0.0210,0.00,2.019,0.0000,0.0000,0.0000,0.0000,0.0000,0.000,0,SEARCH,0.1447,0.0000,0.0000,0.0057
9068,static,3.5766,-0.1669,0.0208,0.00,2.021,0.0000,0.0000,0.0000,0.0000,0.0000,0.000,0,SEARCH,0.1432,0.0000,0.0000,0.0062
9168,static,3.5916,-0.1825,0.0202,0.00,2.023,0.0000,0.0000,0.0000,0.0000,0.0000,0.000,0,SEARCH,0.1420,0.0000,0.0000,0.0068
9268,static,3.6055,-0.1975,0.0183,0.00,2.026,0.0000,0.0000,0.0000,0.0000,0.0000,0.000,0,SEARCH,0.1403,0.0000,0.0000,0.0077
9368,static,3.6193,-0.2109,0.0137,0.00,2.026,0.0000,0.0000,0.0000,0.0000,0.0000,0.000,0,SEARCH,0.1392,0.0000,0.0000,0.0079
9468,static,3.6310,-0.2249,0.0090,0.00,2.027,0.0000,0.0000,0.0000,0.0000,0.0000,0.000,0,SEARCH,0.1378,0.0000,0.0000,0.0081
9568,static,3.6419,-0.2377,0.0044,0.00,2.029,0.0000,0.0000,0.0000,0.0000,0.0000,0.000,0,SEARCH,0.1365,0.0000,0.0000,0.0087
9668,static,3.6505,-0.2515,6.2825,0.00,2.030,0.0000,0.0000,0.0000,0.0000,0.0000,0.000,0,SEARCH,0.1354,0.0000,0.0000,0.0089
9768,static,3.6588,-0.2635,6.2762,0.00,2.030,0.0000,0.0000,0.0000,0.0000,0.0000,0.000,0,SEARCH,0.1348,0.0000,0.0000,0.0091
9871,static,3.6676,-0.2764,6.2717,0.00,2.033,0.0000,0.0000,0.0000,0.0000,0.0000,0.000,0,SEARCH,0.1338,0.0000,0.0000,0.0098
9968,static,3.6750,-0.2877,6.2680,0.00,2.034,0.0000,0.0000,0.0000,0.0000,0.0000,0.000,0,SEARCH,0.1331,0.0000,0.0000,0.0101
10070,static,3.6827,-0.2979,6.2646,0.00,2.035,0.0000,0.0000,0.0000,0.0000,0.0000,0.000,0,SEARCH,0.1322,0.0000,0.0000,0.0104
10167,static,3.6901,-0.3071,6.2613,0.00,2.034,0.0000,0.0000,0.0000,0.0000,0.0000,0.000,0,SEARCH,0.1314,0.0000,0.0000,0.0102
10268,static,3.6984,-0.3167,6.2592,0.00,2.032,0.0000,0.0000,0.0000,0.0000,0.0000,0.000,0,SEARCH,0.1307,0.0000,0.0000,0.0095
10370,static,3.7068,-0.3247,6.2582,0.00,2.026,0.0000,0.0000,0.0000,0.0000,0.0000,0.000,0,SEARCH,0.1298,0.0000,0.0000,0.0077
10469,static,3.7142,-0.3323,6.2549,0.00,2.020,0.0000,0.0000,0.0000,0.0000,0.0000,0.000,0,SEARCH,0.1290,0.0000,0.0000,0.0059
10567,static,3.7220,-0.3381,6.2515,0.00,2.014,0.0000,0.0000,0.0000,0.0000,0.0000,0.000,0,SEARCH,0.1283,0.0000,0.0000,0.0043
10671,static,3.7308,-0.3426,6.2533,0.00,2.009,0.0000,0.0000,0.0000,0.0000,0.0000,0.000,0,SEARCH,0.1274,0.0000,0.0000,0.0026
10768,static,3.7386,-0.3462,6.2562,0.00,2.004,0.0000,0.0000,0.0000,0.0000,0.0000,0.000,0,SEARCH,0.1266,0.0000,0.0000,0.0012
10869,static,3.7453,-0.3482,6.2573,0.00,1.998,0.0000,0.0000,0.0000,0.0000,0.0000,0.000,0,SEARCH,0.1259,0.0000,0.0000,-0.0007
10968,static,3.7521,-0.3499,6.2560,0.00,1.992,0.0000,0.0000,0.0000,0.0000,0.0000,0.000,0,SEARCH,0.1252,0.0000,0.0000,-0.0025
11068,static,3.7607,-0.3511,6.2564,0.00,1.986,0.0000,0.0000,0.0000,0.0000,0.0000,0.000,0,SEARCH,0.1246,0.0000,0.0000,-0.0041
11173,static,3.7694,-0.3511,6.2608,0.00,1.976,0.0000,0.0000,0.0000,0.0000,0.0000,0.000,0,SEARCH,0.1236,0.0000,0.0000,-0.0071
11267,static,3.7785,-0.3485,6.2663,0.00,1.968,0.0000,0.0000,0.0000,0.0000,0.0000,0.000,0,SEARCH,0.1227,0.0000,0.0000,-0.0097
11369,static,3.7872,-0.3451,6.2678,0.00,1.960,0.0000,0.0000,0.0000,0.0000,0.0000,0.000,0,SEARCH,0.1218,0.0000,0.0000,-0.0119
11472,static,3.7948,-0.3411,6.2647,0.00,1.955,0.0000,0.0000,0.0000,0.0000,0.0000,0.000,0,SEARCH,0.1210,0.0000,0.0000,-0.0136
11572,static,3.8027,-0.3385,6.2568,0.00,1.950,0.0000,0.0000,0.0000,0.0000,0.0000,0.000,0,SEARCH,0.1202,0.0000,0.0000,-0.0150
11670,static,3.8114,-0.3338,6.2408,0.00,1.948,0.0000,0.0000,0.0000,0.0000,0.0000,0.000,0,SEARCH,0.1194,0.0000,0.0000,-0.0156
11769,static,3.8209,-0.3311,6.2265,0.00,1.941,0.0000,0.0000,0.0000,0.0000,0.0000,0.000,0,SEARCH,0.1185,0.0000,0.0000,-0.0176
11868,static,3.8329,-0.3290,6.2192,0.00,1.937,0.0000,0.0000,0.0000,0.0000,0.0000,0.000,0,SEARCH,0.1175,0.0000,0.0000,-0.0188
11969,static,3.8463,-0.3288,6.2186,0.00,1.934,0.0000,0.0000,0.0000,0.0000,0.0000,0.000,0,SEARCH,0.1162,0.0000,0.0000,-0.0199
12073,static,3.8616,-0.3257,6.2222,0.00,1.930,0.0000,0.0000,0.0000,0.0000,0.0000,0.000,0,SEARCH,0.1148,0.0000,0.0000,-0.0210
12171,static,3.8776,-0.3228,6.2264,0.00,1.930,0.0000,0.0000,0.0000,0.0000,0.0000,0.000,0,SEARCH,0.1132,0.0000,0.0000,-0.0209
12270,static,3.8948,-0.3169,6.2305,0.00,1.936,0.0000,0.0000,0.0000,0.0000,0.0000,0.000,0,SEARCH,0.1116,0.0000,0.0000,-0.0193
12370,static,3.9121,-0.3097,6.2347,0.00,1.942,0.0000,0.0000,0.0000,0.0000,0.0000,0.000,0,SEARCH,0.1098,0.0000,0.0000,-0.0174
12470,static,3.9309,-0.2987,6.2411,0.00,1.946,0.0000,0.0000,0.0000,0.0000,0.0000,0.000,0,SEARCH,0.1080,0.0000,0.0000,-0.0163
12570,static,3.9500,-0.2872,6.2498,0.00,1.949,0.0000,0.0000,0.0000,0.0000,0.0000,0.000,0,SEARCH,0.1062,0.0000,0.0000,-0.0152
12671,static,3.9704,-0.2726,6.2601,0.00,1.951,0.0000,0.0000,0.0000,0.0000,0.0000,0.000,0,SEARCH,0.1042,0.0000,0.0000,-0.0147
12771,static,3.9905,-0.2580,6.2698,0.00,1.952,0.0000,0.0000,0.0000,0.0000,0.0000,0.000,0,SEARCH,0.1021,0.0000,0.0000,-0.0144
12871,static,4.0110,-0.2428,6.2773,0.00,1.951,0.0000,0.0000,0.0000,0.0000,0.0000,0.000,0,SEARCH,0.1001,0.0000,0.0000,-0.0146
12971,static,4.0308,-0.2290,0.0008,0.00,1.946,0.0000,0.0000,0.0000,0.0000,0.0000,0.000,0,SEARCH,0.0981,0.0000,0.0000,-0.0163
13070,static,4.0495,-0.2140,0.0081,0.00,1.940,0.0000,0.0000,0.0000,0.0000,0.0000,0.000,0,SEARCH,0.0961,0.0000,0.0000,-0.0180
13170,static,4.0662,-0.2011,0.0157,0.00,1.936,0.0000,0.0000,0.0000,0.0000,0.0000,0.000,0,SEARCH,0.0944,0.0000,0.0000,-0.0191
13270,static,4.0830,-0.1878,0.0220,0.00,1.932,0.0000,0.0000,0.0000,0.0000,0.0000,0.000,0,SEARCH,0.0927,0.0000,0.0000,-0.0204
13372,static,4.0977,-0.1765,0.0243,0.00,1.928,0.0000,0.0000,0.0000,0.0000,0.0000,0.000,0,SEARCH,0.0911,0.0000,0.0000,-0.0216
13470,static,4.1120,-0.1643,0.0252,0.00,1.925,0.0000,0.0000,0.0000,0.0000,0.0000,0.000,0,SEARCH,0.0896,0.0000,0.0000,-0.0225
13568,static,4.1247,-0.1546,0.0259,0.00,1.922,0.0000,0.0000,0.0000,0.0000,0.0000,0.000,0,SEARCH,0.0883,0.0000,0.0000,-0.0234
13671,static,4.1382,-0.1426,0.0273,0.00,1.920,0.0000,0.0000,0.0000,0.0000,0.0000,0.000,0,SEARCH,0.0870,0.0000,0.0000,-0.0239
13769,static,4.1493,-0.1324,0.0266,0.00,1.914,0.0000,0.0000,0.0000,0.0000,0.0000,0.000,0,SEARCH,0.0857,0.0000,0.0000,-0.0258
13872,static,4.1608,-0.1203,0.0216,0.00,1.910,0.0000,0.0000,0.0000,0.0000,0.0000,0.000,0,SEARCH,0.0846,0.0000,0.0000,-0.0271
13970,static,4.1702,-0.1108,0.0119,0.00,1.909,0.0000,0.0000,0.0000,0.0000,0.0000,0.000,0,SEARCH,0.0835,0.0000,0.0000,-0.0274
14069,static,4.1794,-0.0969,0.0044,0.00,1.908,0.0000,0.0000,0.0000,0.0000,0.0000,0.000,0,SEARCH,0.0826,0.0000,0.0000,-0.0277
14169,static,4.1868,-0.0849,6.2824,0.00,1.908,0.0000,0.0000,0.0000,0.0000,0.0000,0.000,0,SEARCH,0.0817,0.0000,0.0000,-0.0277
14270,static,4.1947,-0.0680,6.2803,0.00,1.909,0.0000,0.0000,0.0000,0.0000,0.0000,0.000,0,SEARCH,0.0810,0.0000,0.0000,-0.0274
14368,static,4.2011,-0.0524,6.2789,24.61,1.910,-1.2733,0.8430,1.5271,-1.2761,0.8388,0.000,1,SEARCH,0.0803,0.0000,0.0000,-0.0270
14469,static,4.2076,-0.0345,6.2739,0.00,1.912,0.0000,0.0000,0.0000,0.0000,0.0000,0.000,0,SEARCH,0.0796,0.0000,0.0000,-0.0263
14568,static,4.2128,-0.0171,6.2646,0.00,1.916,0.0000,0.0000,0.0000,0.0000,0.0000,0.000,0,SEARCH,0.0790,0.0000,0.0000,-0.0253
14675,static,4.2171,0.0059,6.2528,19.35,1.919,-1.0304,0.7274,1.2613,-1.0467,0.7037,0.000,1,DESCEND_TO_LOW,0.0785,0.0000,0.0000,-0.0243
14768,static,4.2187,0.0284,6.2407,19.35,1.921,-1.0304,0.7274,1.2613,-1.0555,0.6905,0.000,1,DESCEND_TO_LOW,-0.4900,0.3708,0.7740,0.3000
14871,static,4.2141,0.0577,6.2361,19.64,1.907,-1.1516,0.7438,1.3709,-1.1842,0.6907,0.000,1,DESCEND_TO_LOW,-0.5621,0.3742,0.7856,0.3000
14972,static,4.2051,0.0875,6.2380,20.23,1.885,-1.3357,0.7698,1.5417,-1.3706,0.7058,0.000,1,DESCEND_TO_LOW,-0.6698,0.3880,0.8092,0.3000
15068,static,4.1915,0.1215,6.2467,21.13,1.859,-1.4351,0.7320,1.6110,-1.4648,0.6704,0.000,1,DESCEND_TO_LOW,-0.7312,0.3757,0.8452,0.3000
15172,static,4.1692,0.1557,6.2604,21.13,1.831,-1.4351,0.7320,1.6110,-1.4575,0.6863,0.000,1,DESCEND_TO_LOW,-0.7389,0.3905,0.8452,0.3000
15268,static,4.1426,0.1953,6.2769,21.13,1.798,-1.4351,0.7320,1.6110,-1.4476,0.7069,0.000,1,DESCEND_TO_LOW,-0.7471,0.4093,0.8452,0.3000
15368,static,4.1100,0.2358,0.0189,21.13,1.764,-1.4351,0.7320,1.6110,-1.4333,0.7354,0.000,1,DESCEND_TO_LOW,-0.7532,0.4335,0.8452,0.3000
15467,static,4.0750,0.2806,0.0450,16.96,1.730,-1.0277,0.3860,1.0978,-1.0164,0.4149,0.000,1,DESCEND_TO_LOW,-0.5227,0.2490,0.6784,0.3000
15569,static,4.0378,0.3252,0.0691,14.59,1.697,-0.8912,0.3131,0.9446,-0.8728,0.3613,0.000,1,DESCEND_TO_LOW,-0.4463,0.2185,0.5836,0.3000
15668,static,4.0008,0.3716,0.1063,14.59,1.667,-0.8912,0.3131,0.9446,-0.8626,0.3851,0.000,1,DESCEND_TO_LOW,-0.4471,0.2363,0.5836,0.3000
15769,static,3.9640,0.4163,0.1534,14.59,1.638,-0.8912,0.3131,0.9446,-0.8458,0.4208,0.000,1,DESCEND_TO_LOW,-0.4435,0.2617,0.5836,0.3000
15867,static,3.9300,0.4614,0.2004,4.48,1.608,-0.1315,-0.2662,0.2969,-0.1747,-0.2400,0.000,1,DESCEND_TO_LOW,-0.0331,-0.1591,0.1792,0.3000
15968,static,3.8994,0.5007,0.2551,1.59,1.582,-0.0585,-0.3804,0.3849,-0.1408,-0.3582,0.000,1,DESCEND_TO_LOW,-0.0127,-0.2396,0.0636,0.3000
16067,static,3.8713,0.5376,0.3104,1.59,1.559,-0.0585,-0.3804,0.3849,-0.1605,-0.3499,0.000,1,DESCEND_TO_LOW,-0.0254,-0.2370,0.0636,0.3000
16171,static,3.8477,0.5660,0.3565,-5.57,1.535,0.3155,-0.7414,0.8058,0.0585,-0.8037,0.000,1,DESCEND_TO_LOW,0.1133,-0.5422,-0.2228,0.3000
16267,static,3.8276,0.5893,0.3881,-10.13,1.509,0.4534,-0.9753,1.0755,0.0707,-1.0732,0.000,1,DESCEND_TO_LOW,0.1205,-0.7311,-0.4052,0.3000
16368,static,3.8115,0.6019,0.4036,-10.13,1.484,0.4534,-0.9753,1.0755,0.0432,-1.0746,0.000,1,DESCEND_TO_LOW,0.1038,-0.7408,-0.4052,0.3000
16467,static,3.7969,0.6084,0.4110,-16.55,1.458,0.5686,-1.1934,1.3219,0.0492,-1.3210,0.000,1,DESCEND_TO_LOW,0.1052,-0.9230,-0.6620,0.3000
16567,static,3.7874,0.6034,0.4081,-16.55,1.432,0.5686,-1.1934,1.3219,0.0451,-1.3212,0.000,1,DESCEND_TO_LOW,0.1036,-0.9346,-0.6620,0.3000
16670,static,3.7806,0.5952,0.3967,-16.55,1.401,0.5686,-1.1934,1.3219,0.0537,-1.3208,0.000,1,DESCEND_TO_LOW,0.1110,-0.9474,-0.6620,0.3000
16767,static,3.7766,0.5770,0.3835,-16.55,1.368,0.5686,-1.1934,1.3219,0.0694,-1.3201,0.000,1,DESCEND_TO_LOW,0.1237,-0.9614,-0.6620,0.3000
16868,static,3.7748,0.5566,0.3649,-16.55,1.333,0.5686,-1.1934,1.3219,0.0884,-1.3190,0.000,1,DESCEND_TO_LOW,0.1391,-0.9755,-0.6620,0.3000
16973,static,3.7770,0.5266,0.3405,-16.55,1.298,0.5686,-1.1934,1.3219,0.1152,-1.3169,0.000,1,STABILIZE_LOW,0.1472,-0.9812,-0.6620,0.3000
17067,static,3.7814,0.4944,0.3080,-16.55,1.261,0.5686,-1.1934,1.3219,0.1527,-1.3131,0.000,1,STABILIZE_LOW,0.1904,-1.0000,-0.6620,0.0784
17167,static,3.7916,0.4519,0.2759,-16.55,1.232,0.5686,-1.1934,1.3219,0.1944,-1.3075,0.000,1,STABILIZE_LOW,0.2237,-1.0000,-0.6620,0.0697
17267,static,3.8088,0.4083,0.2362,-11.07,1.212,1.2743,-0.6359,1.4241,1.0671,-0.9431,0.000,1,STABILIZE_LOW,0.8806,-0.7393,-0.4428,0.0636
17367,static,3.8346,0.3611,0.1971,-6.82,1.195,1.4073,-0.3726,1.4558,1.2921,-0.6707,0.000,1,STABILIZE_LOW,1.0000,-0.5335,-0.2728,0.0585
17467,static,3.8684,0.3166,0.1527,-6.82,1.179,1.4073,-0.3726,1.4558,1.3192,-0.6156,0.000,1,STABILIZE_LOW,1.0000,-0.4954,-0.2728,0.0536
17567,static,3.9120,0.2725,0.1082,-6.82,1.163,1.4073,-0.3726,1.4558,1.3445,-0.5583,0.000,1,STABILIZE_LOW,1.0000,-0.4550,-0.2728,0.0488
17667,static,3.9643,0.2337,0.0681,3.08,1.149,1.8187,0.2751,1.8394,1.8363,0.1063,0.000,1,STABILIZE_LOW,1.0000,0.0672,0.1232,0.0446
17767,static,4.0249,0.2007,0.0378,8.26,1.135,1.5667,0.4912,1.6419,1.5918,0.4027,0.000,1,STABILIZE_LOW,1.0000,0.3044,0.3304,0.0405
17867,static,4.0898,0.1762,0.0142,8.26,1.123,1.5667,0.4912,1.6419,1.5794,0.4487,0.000,1,STABILIZE_LOW,1.0000,0.3416,0.3304,0.0368
17967,static,4.1602,0.1617,6.2823,15.46,1.112,1.1302,0.7652,1.3648,1.1354,0.7575,0.000,1,STABILIZE_LOW,0.9779,0.5951,0.6184,0.0336
18068,static,4.2347,0.1588,6.2781,17.78,1.102,0.8286,0.8457,1.1839,0.8249,0.8492,-0.010,1,TERMINAL_LAND,0.7392,0.6730,0.7112,0.0000
18167,static,4.3095,0.1685,0.0054,18.82,1.094,0.5913,0.8865,1.0656,0.5892,0.8879,-0.030,1,TERMINAL_LAND,0.5567,0.7072,0.7528,0.0000
18267,static,4.3854,0.1843,0.0264,18.82,1.087,0.5913,0.8865,1.0656,0.6018,0.8794,-0.050,1,TERMINAL_LAND,0.5680,0.7023,0.7528,0.0000
18367,static,4.4578,0.2093,0.0583,18.92,1.083,-0.0126,0.7047,0.7048,0.0141,0.7047,-0.070,1,TERMINAL_LAND,0.1068,0.5663,0.7568,0.0000
18468,static,4.5293,0.2360,0.1048,15.47,1.080,-0.3113,0.4337,0.5339,-0.2779,0.4559,-0.090,1,TERMINAL_LAND,-0.1225,0.3653,0.6188,0.0000
18567,static,4.5940,0.2675,0.1506,14.47,1.077,-0.3868,0.3744,0.5383,-0.3384,0.4186,-0.110,1,TERMINAL_LAND,-0.1703,0.3346,0.5788,0.0000
18667,static,4.6550,0.2966,0.2003,10.38,1.077,-0.5441,0.1811,0.5735,-0.5051,0.2716,-0.130,1,TERMINAL_LAND,-0.3016,0.2117,0.4152,0.0000
18767,static,4.7051,0.3252,0.2488,6.76,1.079,-0.6121,0.0215,0.6125,-0.5931,0.1530,-0.150,1,TERMINAL_LAND,-0.3710,0.1121,0.2704,0.0000
18867,static,4.7480,0.3506,0.2955,6.76,1.082,-0.6121,0.0215,0.6125,-0.5845,0.1828,-0.170,1,TERMINAL_LAND,-0.3639,0.1355,0.2704,0.0000
18967,static,4.7804,0.3737,0.3357,0.00,1.081,0.0000,0.0000,0.0000,0.0000,0.0000,-0.170,0,TERMINAL_LAND,-0.3272,0.1218,0.2431,0.3000
19067,static,4.8119,0.3933,0.3651,0.00,1.064,0.0000,0.0000,0.0000,0.0000,0.0000,-0.170,0,TERMINAL_LAND,-0.2544,0.0947,0.1890,0.3000
19167,static,4.8315,0.4098,0.3838,0.00,1.040,0.0000,0.0000,0.0000,0.0000,0.0000,-0.170,0,TERMINAL_LAND,-0.1818,0.0677,0.1350,0.3000
19267,static,4.8508,0.4246,0.3906,0.00,1.011,0.0000,0.0000,0.0000,0.0000,0.0000,-0.170,0,TERMINAL_LAND,-0.1091,0.0406,0.0811,0.3000
19368,static,4.8636,0.4333,0.3848,-9.89,0.981,-0.4965,-0.5041,0.7076,-0.6508,-0.2777,-0.270,1,TERMINAL_LAND,-0.4394,-0.2643,-0.3956,0.0000
19467,static,4.8732,0.4379,0.3696,-8.73,0.960,-0.3337,-0.4493,0.5597,-0.4761,-0.2942,-0.290,1,TERMINAL_LAND,-0.2981,-0.2782,-0.3492,0.0000
19567,static,4.8779,0.4379,0.3497,-9.34,0.951,-0.2491,-0.4552,0.5189,-0.3938,-0.3378,-0.310,1,TERMINAL_LAND,-0.2314,-0.3162,-0.3736,0.0000
19667,static,4.8821,0.4379,0.3252,-8.45,0.946,-0.2020,-0.4228,0.4686,-0.3315,-0.3312,-0.330,1,TERMINAL_LAND,-0.1795,-0.3098,-0.3380,0.0000
19767,static,4.8827,0.4343,0.2996,-6.95,0.944,-0.1120,-0.3560,0.3732,-0.2167,-0.3039,-0.350,1,TERMINAL_LAND,-0.0835,-0.2849,-0.2780,0.0000
19867,static,4.8817,0.4308,0.2750,-6.95,0.941,-0.1120,-0.3560,0.3732,-0.2086,-0.3095,-0.370,1,TERMINAL_LAND,-0.0769,-0.2899,-0.2780,0.0000
19967,static,4.8786,0.4272,0.2506,-4.02,0.939,-0.0088,-0.2502,0.2504,-0.0741,-0.2392,-0.390,1,TERMINAL_LAND,0.0365,-0.2266,-0.1608,0.0000
20067,static,4.8767,0.4263,0.2295,-2.39,0.936,0.0700,-0.2083,0.2197,0.0178,-0.2190,-0.410,1,TERMINAL_LAND,0.1138,-0.2073,-0.0956,0.0000
20167,static,4.8757,0.4247,0.2125,-1.33,0.934,0.1385,-0.1554,0.2082,0.1007,-0.1822,-0.430,1,TERMINAL_LAND,0.1834,-0.1750,-0.0532,0.0000
20269,static,4.8766,0.4249,0.1970,-0.12,0.932,0.1961,-0.1246,0.2323,0.1665,-0.1620,-0.450,1,TERMINAL_LAND,0.2389,-0.1561,-0.0048,0.0000
20368,static,4.8802,0.4272,0.1871,0.64,0.931,0.2199,-0.0979,0.2407,0.1970,-0.1382,-0.470,1,TERMINAL_LAND,0.2647,-0.1350,0.0256,0.0000
20467,static,4.8861,0.4305,0.1824,1.66,0.929,0.2918,-0.0634,0.2986,0.2752,-0.1160,-0.490,1,TERMINAL_LAND,0.3304,-0.1148,0.0664,0.0000
20567,static,4.8954,0.4353,0.1804,1.91,0.928,0.3078,-0.0471,0.3114,0.2943,-0.1018,-0.510,1,TERMINAL_LAND,0.3466,-0.1025,0.0764,0.0000
20673,static,4.9066,0.4416,0.1806,2.31,0.927,0.3076,-0.0477,0.3113,0.2941,-0.1021,-0.530,1,TERMINAL_LAND,0.3466,-0.1021,0.0924,0.0000
20767,static,4.9202,0.4483,0.1815,1.96,0.926,0.3112,-0.0506,0.3153,0.2970,-0.1058,-0.550,1,TERMINAL_LAND,0.3492,-0.1059,0.0784,0.0000
20867,static,4.9366,0.4554,0.1797,1.96,0.923,0.3112,-0.0506,0.3153,0.2971,-0.1057,-0.570,1,TERMINAL_LAND,0.3496,-0.1059,0.0784,0.0000
20967,static,4.9552,0.4637,0.1774,2.01,0.921,0.3319,-0.0589,0.3371,0.3161,-0.1169,-0.590,1,TERMINAL_LAND,0.3658,-0.1153,0.0804,0.0000
21068,static,4.9756,0.4739,0.1775,0.00,0.920,0.0000,0.0000,0.0000,0.0000,0.0000,-0.590,0,TERMINAL_LAND,0.3286,-0.1035,0.0722,0.3000
21167,static,4.9968,0.4846,0.1805,2.98,0.909,0.3061,-0.0647,0.3129,0.2898,-0.1180,-0.630,1,TERMINAL_LAND,0.3456,-0.1150,0.1192,0.0000
21267,static,5.0211,0.4953,0.1862,2.36,0.900,0.2900,-0.0652,0.2973,0.2733,-0.1169,-0.650,1,TERMINAL_LAND,0.3327,-0.1155,0.0944,0.0000
21367,static,5.0455,0.5060,0.1930,2.39,0.891,0.3000,-0.0879,0.3126,0.2782,-0.1427,-0.670,1,TERMINAL_LAND,0.3379,-0.1377,0.0956,0.0000
21467,static,5.0716,0.5152,0.1992,1.89,0.888,0.2838,-0.1017,0.3015,0.2586,-0.1549,-0.690,1,TERMINAL_LAND,0.3216,-0.1491,0.0756,0.0000
21567,static,5.0985,0.5244,0.2069,1.42,0.888,0.2706,-0.1125,0.2931,0.2425,-0.1646,-0.710,1,TERMINAL_LAND,0.3077,-0.1582,0.0568,0.0000
21667,static,5.1266,0.5328,0.2131,1.26,0.888,0.2512,-0.1204,0.2786,0.2207,-0.1700,-0.730,1,TERMINAL_LAND,0.2892,-0.1630,0.0504,0.0000
21768,static,5.1559,0.5406,0.2192,1.09,0.888,0.2533,-0.1266,0.2832,0.2206,-0.1776,-0.750,1,TERMINAL_LAND,0.2890,-0.1697,0.0436,0.0000
21867,static,5.1855,0.5473,0.2246,-0.83,0.889,0.2311,-0.1276,0.2640,0.1974,-0.1753,-0.770,1,TERMINAL_LAND,0.2685,-0.1712,-0.0332,0.0000
21971,static,5.2159,0.5541,0.2286,-0.83,0.889,0.2311,-0.1276,0.2640,0.1967,-0.1761,-0.790,1,TERMINAL_LAND,0.2679,-0.1718,-0.0332,0.0000
22067,static,5.2461,0.5605,0.2317,0.17,0.889,0.1804,-0.1455,0.2317,0.1425,-0.1828,-0.810,1,TERMINAL_LAND,0.2224,-0.1757,0.0068,0.0000
22167,static,5.2752,0.5682,0.2364,0.17,0.889,0.1804,-0.1455,0.2317,0.1418,-0.1833,-0.830,1,TERMINAL_LAND,0.2219,-0.1761,0.0068,0.0000
22272,static,5.3032,0.5763,0.2411,0.00,0.890,0.0000,0.0000,0.0000,0.0000,0.0000,-0.830,0,TERMINAL_LAND,0.1977,-0.1569,0.0061,0.3000
22367,static,5.3301,0.5849,0.2471,-0.40,0.877,0.0968,-0.1794,0.2039,0.0507,-0.1975,-0.870,1,TERMINAL_LAND,0.1451,-0.1900,-0.0160,0.0000
22468,static,5.3564,0.5918,0.2573,-0.19,0.868,0.0788,-0.1802,0.1967,0.0317,-0.1941,-0.890,1,TERMINAL_LAND,0.1295,-0.1874,-0.0076,0.0000
22567,static,5.3816,0.5969,0.2672,0.00,0.865,0.0000,0.0000,0.0000,0.0000,0.0000,-0.890,0,TERMINAL_LAND,0.1165,-0.1687,-0.0068,0.3000
22675,static,5.4054,0.5998,0.2744,0.00,0.850,0.0000,0.0000,0.0000,0.0000,0.0000,-0.890,0,TERMINAL_LAND,0.0905,-0.1309,-0.0053,0.3000
22767,static,5.4274,0.6030,0.2808,-1.61,0.827,0.0264,-0.2006,0.2023,-0.0295,-0.2002,-0.950,1,TERMINAL_LAND,0.0778,-0.1980,-0.0644,0.0000
22868,static,5.4479,0.6050,0.2876,-1.61,0.810,0.0264,-0.2006,0.2023,-0.0306,-0.2000,-0.970,1,TERMINAL_LAND,0.0773,-0.1991,-0.0644,0.0000
22973,static,5.4668,0.6074,0.2936,-1.65,0.792,0.0677,-0.1945,0.2059,0.0092,-0.2057,-0.990,1,TERMINAL_LAND,0.1127,-0.2055,-0.0660,0.0000
23071,static,5.4842,0.6087,0.2979,-1.53,0.784,0.0441,-0.2082,0.2128,-0.0183,-0.2120,-1.000,1,TERMINAL_LAND,0.0889,-0.2114,-0.0612,0.0000
23167,static,5.4999,0.6093,0.3036,-1.52,0.776,0.0426,-0.2108,0.2151,-0.0216,-0.2140,-1.000,1,TERMINAL_LAND,0.0863,-0.2138,-0.0608,0.0000
23267,static,5.5157,0.6067,0.3068,-2.12,0.767,0.0370,-0.2131,0.2163,-0.0288,-0.2144,-1.000,1,TERMINAL_LAND,0.0799,-0.2158,-0.0848,0.0000
23367,static,5.5302,0.6015,0.3070,-2.21,0.760,0.0242,-0.2106,0.2120,-0.0406,-0.2080,-1.000,1,TERMINAL_LAND,0.0696,-0.2109,-0.0884,0.0000
23467,static,5.5447,0.5929,0.3036,-2.21,0.757,0.0242,-0.2106,0.2120,-0.0405,-0.2081,-1.000,1,TERMINAL_LAND,0.0697,-0.2112,-0.0884,0.0000
23567,static,5.5578,0.5828,0.2969,-2.21,0.755,0.0242,-0.2106,0.2120,-0.0393,-0.2083,-1.000,1,TERMINAL_LAND,0.0708,-0.2115,-0.0884,0.0000
23672,static,5.5711,0.5704,0.2874,-2.21,0.754,0.0242,-0.2106,0.2120,-0.0376,-0.2086,-1.000,1,TERMINAL_LAND,0.0723,-0.2118,-0.0884,0.0000
23767,static,5.5834,0.5577,0.2752,-2.16,0.754,-0.0350,-0.1620,0.1658,-0.0787,-0.1459,-1.000,1,TERMINAL_LAND,0.0358,-0.1560,-0.0864,0.0000
23867,static,5.5955,0.5433,0.2613,-2.16,0.755,-0.0350,-0.1620,0.1658,-0.0770,-0.1468,-1.000,1,TERMINAL_LAND,0.0373,-0.1568,-0.0864,0.0000
23967,static,5.6052,0.5309,0.2475,-1.72,0.756,-0.0668,-0.1199,0.1372,-0.0949,-0.0991,-1.000,1,TERMINAL_LAND,0.0216,-0.1135,-0.0688,0.0000
24067,static,5.6156,0.5162,0.2305,-1.26,0.757,-0.0802,-0.0909,0.1212,-0.0995,-0.0692,-1.000,1,TERMINAL_LAND,0.0177,-0.0860,-0.0504,0.3000
24167,static,5.6236,0.5039,0.2132,-1.26,0.753,-0.0802,-0.0909,0.1212,-0.0983,-0.0708,-1.000,1,TERMINAL_LAND,0.0188,-0.0876,-0.0504,0.3000
24267,static,5.6307,0.4915,0.1953,0.51,0.736,-0.0985,-0.0461,0.1088,-0.1059,-0.0251,-1.000,1,TERMINAL_LAND,0.0128,-0.0439,0.0204,0.3000
24367,static,5.6365,0.4811,0.1812,0.51,0.717,-0.0985,-0.0461,0.1088,-0.1055,-0.0267,-1.000,1,TERMINAL_LAND,0.0133,-0.0456,0.0204,0.3000
24467,static,5.6421,0.4711,0.1710,0.51,0.696,-0.0985,-0.0461,0.1088,-0.1051,-0.0281,-1.000,1,TERMINAL_LAND,0.0137,-0.0472,0.0204,0.3000
24567,static,5.6462,0.4616,0.1656,0.51,0.674,-0.0985,-0.0461,0.1088,-0.1049,-0.0289,-1.000,1,TERMINAL_LAND,0.0140,-0.0483,0.0204,0.3000
24667,static,5.6507,0.4529,0.1624,0.51,0.651,-0.0985,-0.0461,0.1088,-0.1047,-0.0294,-1.000,1,TERMINAL_LAND,0.0143,-0.0491,0.0204,0.3000
24767,static,5.6537,0.4454,0.1628,0.51,0.627,-0.0985,-0.0461,0.1088,-0.1047,-0.0296,-1.000,1,TERMINAL_LAND,0.0144,-0.0497,0.0204,0.3000
24867,static,5.6560,0.4388,0.1651,0.51,0.602,-0.0985,-0.0461,0.1088,-0.1047,-0.0294,-1.000,1,TERMINAL_LAND,0.0145,-0.0500,0.0204,0.3000
24968,static,5.6573,0.4343,0.1692,0.00,0.578,0.0000,0.0000,0.0000,0.0000,0.0000,-1.000,0,TERMINAL_LAND,0.0231,0.0419,0.0839,0.3000
25068,static,5.6579,0.4294,0.1751,1.97,0.553,-0.0941,0.0592,0.1111,-0.0826,0.0744,-1.000,1,TERMINAL_LAND,0.0364,0.0510,0.0788,0.3000
25167,static,5.6573,0.4268,0.1797,1.97,0.528,-0.0941,0.0592,0.1111,-0.0822,0.0748,-1.000,1,TERMINAL_LAND,0.0371,0.0518,0.0788,0.3000
25267,static,5.6558,0.4259,0.1854,1.97,0.502,-0.0941,0.0592,0.1111,-0.0818,0.0752,-1.000,1,TERMINAL_LAND,0.0377,0.0526,0.0788,0.3000
25368,static,5.6538,0.4282,0.1903,0.00,0.475,0.0000,0.0000,0.0000,0.0000,0.0000,-1.000,0,TERMINAL_LAND,0.0380,0.0529,0.0786,0.3000
25467,static,5.6522,0.4313,0.1942,0.00,0.449,0.0000,0.0000,0.0000,0.0000,0.0000,-1.000,0,TERMINAL_LAND,0.0304,0.0424,0.0630,0.3000
25567,static,5.6490,0.4370,0.1979,0.00,0.422,0.0000,0.0000,0.0000,0.0000,0.0000,-1.000,0,TERMINAL_LAND,0.0228,0.0318,0.0473,0.3000
25670,static,5.6480,0.4380,0.1989,0.00,0.395,0.0000,0.0000,0.0000,0.0000,0.0000,-1.000,0,DONE,0.0188,0.0262,0.0390,0.3000
